{
    "05d53124-194a-4608-9614-c7075f71a827": {
        "n_comwords": 67.0,
        "reply_fra_comwords": 0.47621366677905924,
        "op_fra_comwords": 0.46545422594237035,
        "jac_comwords": 0.3799714173685751,
        "n_stopwords": 45.07142857142857,
        "reply_fra_stopwords": 0.6882921529947327,
        "op_fra_stopwords": 0.6636309463184686,
        "jac_stopwords": 0.810049780419699,
        "n_contwords": 21.928571428571427,
        "reply_fra_contwords": 0.29119278676647437,
        "op_fra_contwords": 0.2888036898930152,
        "jac_contwords": 0.1830909679385977
    },
    "1257a767-cba5-43c7-a532-deda418022e5": {
        "n_comwords": 42.42857142857143,
        "reply_fra_comwords": 0.3872148911522278,
        "op_fra_comwords": 0.36438288212644465,
        "jac_comwords": 0.27910329100420733,
        "n_stopwords": 33.07142857142857,
        "reply_fra_stopwords": 0.6168710915483414,
        "op_fra_stopwords": 0.5686079107476835,
        "jac_stopwords": 0.6391454676529084,
        "n_contwords": 9.357142857142858,
        "reply_fra_contwords": 0.16745599873638964,
        "op_fra_contwords": 0.1603144613426248,
        "jac_contwords": 0.09488595571829404
    },
    "19537ffa-1ecd-46db-bae1-9b73ed1a348d": {
        "n_comwords": 9.142857142857142,
        "reply_fra_comwords": 0.19019814367652796,
        "op_fra_comwords": 0.19108512583977058,
        "jac_comwords": 0.1118134115342381,
        "n_stopwords": 7.428571428571429,
        "reply_fra_stopwords": 0.3394396107817767,
        "op_fra_stopwords": 0.3308538140047356,
        "jac_stopwords": 0.23688480345518165,
        "n_contwords": 1.7142857142857142,
        "reply_fra_contwords": 0.06418043439113261,
        "op_fra_contwords": 0.07032706051944788,
        "jac_contwords": 0.03485711738784475
    },
    "22319d8f-f667-4d01-a826-f3b34992e562": {
        "n_comwords": 10.23076923076923,
        "reply_fra_comwords": 0.2067445318192245,
        "op_fra_comwords": 0.2535979767247731,
        "jac_comwords": 0.12368553210360236,
        "n_stopwords": 7.615384615384615,
        "reply_fra_stopwords": 0.32871866577109543,
        "op_fra_stopwords": 0.3619878771413298,
        "jac_stopwords": 0.21499340464332128,
        "n_contwords": 2.6153846153846154,
        "reply_fra_contwords": 0.09957690957928149,
        "op_fra_contwords": 0.15921950712510485,
        "jac_contwords": 0.0594221315841629
    },
    "250cc245-86c4-4e97-a8ce-31d5d6796f71": {
        "n_comwords": 12.928571428571429,
        "reply_fra_comwords": 0.25661427037043866,
        "op_fra_comwords": 0.2005761836525258,
        "jac_comwords": 0.13065151224152835,
        "n_stopwords": 10.071428571428571,
        "reply_fra_stopwords": 0.5004800207302947,
        "op_fra_stopwords": 0.38336694625149137,
        "jac_stopwords": 0.3100349246224085,
        "n_contwords": 2.857142857142857,
        "reply_fra_contwords": 0.09334970383883426,
        "op_fra_contwords": 0.07537138701449798,
        "jac_contwords": 0.04268219205462378
    },
    "2feee653-15e9-4c38-b7a2-96fe26f50c9f": {
        "n_comwords": 45.857142857142854,
        "reply_fra_comwords": 0.3928707812391016,
        "op_fra_comwords": 0.4163147209224591,
        "jac_comwords": 0.3004924265523227,
        "n_stopwords": 31.0,
        "reply_fra_stopwords": 0.5659250856978846,
        "op_fra_stopwords": 0.5956732881175437,
        "jac_stopwords": 0.5984147641063996,
        "n_contwords": 14.857142857142858,
        "reply_fra_contwords": 0.2376450305227749,
        "op_fra_contwords": 0.25847427604223816,
        "jac_contwords": 0.1483150045404456
    },
    "3fcfa663-3941-4b4e-85e1-901344e4bdad": {
        "n_comwords": 52.0,
        "reply_fra_comwords": 0.41783048127711,
        "op_fra_comwords": 0.42177799012036943,
        "jac_comwords": 0.3305728996349102,
        "n_stopwords": 37.642857142857146,
        "reply_fra_stopwords": 0.6042626816999456,
        "op_fra_stopwords": 0.6178760533514048,
        "jac_stopwords": 0.7028008034042186,
        "n_contwords": 14.357142857142858,
        "reply_fra_contwords": 0.22743833247642706,
        "op_fra_contwords": 0.2326599348360077,
        "jac_contwords": 0.1383755467797768
    },
    "4732dc6b-6877-4e3c-a707-c7ca5d8b1250": {
        "n_comwords": 62.285714285714285,
        "reply_fra_comwords": 0.43927605365344347,
        "op_fra_comwords": 0.45576062381341265,
        "jac_comwords": 0.36904851840033664,
        "n_stopwords": 41.5,
        "reply_fra_stopwords": 0.6195852818184068,
        "op_fra_stopwords": 0.6131506689512393,
        "jac_stopwords": 0.7457449451218451,
        "n_contwords": 20.785714285714285,
        "reply_fra_contwords": 0.27416595401439137,
        "op_fra_contwords": 0.3009627891845996,
        "jac_contwords": 0.1817750308932375
    },
    "4d691b23-bb7c-4116-8461-80fc09736a3e": {
        "n_comwords": 46.5,
        "reply_fra_comwords": 0.49511845278422284,
        "op_fra_comwords": 0.4849170802932273,
        "jac_comwords": 0.39947189125941357,
        "n_stopwords": 29.5,
        "reply_fra_stopwords": 0.6707369575904697,
        "op_fra_stopwords": 0.6378652529335087,
        "jac_stopwords": 0.6921540024759413,
        "n_contwords": 17.0,
        "reply_fra_contwords": 0.34081686957450497,
        "op_fra_contwords": 0.34635701058454954,
        "jac_contwords": 0.2315127247082724
    },
    "51958a28-0166-4f31-a76f-03283336be67": {
        "n_comwords": 45.5,
        "reply_fra_comwords": 0.4186146884897082,
        "op_fra_comwords": 0.4290174622853122,
        "jac_comwords": 0.3272329073231712,
        "n_stopwords": 30.571428571428573,
        "reply_fra_stopwords": 0.5890594161605248,
        "op_fra_stopwords": 0.6133868188048844,
        "jac_stopwords": 0.6474874404123077,
        "n_contwords": 14.928571428571429,
        "reply_fra_contwords": 0.26283827534122695,
        "op_fra_contwords": 0.2754872296323799,
        "jac_contwords": 0.16807321029362382
    },
    "5c938ddb-a2e8-4e0d-a0d6-0d1777e3d754": {
        "n_comwords": 29.0,
        "reply_fra_comwords": 0.35025283741394475,
        "op_fra_comwords": 0.33355345242697604,
        "jac_comwords": 0.23403767351513965,
        "n_stopwords": 22.142857142857142,
        "reply_fra_stopwords": 0.5201713012719535,
        "op_fra_stopwords": 0.4920199670519151,
        "jac_stopwords": 0.46703155740831875,
        "n_contwords": 6.857142857142857,
        "reply_fra_contwords": 0.17845024054349265,
        "op_fra_contwords": 0.176890482264873,
        "jac_contwords": 0.09755234500153839
    },
    "6785e05d-df09-42f2-a50b-198443e9a280": {
        "n_comwords": 54.42857142857143,
        "reply_fra_comwords": 0.43775505566887013,
        "op_fra_comwords": 0.4641151457975559,
        "jac_comwords": 0.35632631556082645,
        "n_stopwords": 40.214285714285715,
        "reply_fra_stopwords": 0.6791966754058117,
        "op_fra_stopwords": 0.7052260228953973,
        "jac_stopwords": 0.8686570924587408,
        "n_contwords": 14.214285714285714,
        "reply_fra_contwords": 0.2124748436233889,
        "op_fra_contwords": 0.24417614583696315,
        "jac_contwords": 0.13595275558269176
    },
    "8b6f7246-433b-4c6d-a818-57fe62e0efca": {
        "n_comwords": 11.428571428571429,
        "reply_fra_comwords": 0.2197438563612166,
        "op_fra_comwords": 0.20405273905249363,
        "jac_comwords": 0.12116573440853987,
        "n_stopwords": 7.642857142857143,
        "reply_fra_stopwords": 0.37216753200934105,
        "op_fra_stopwords": 0.32308836880452196,
        "jac_stopwords": 0.23300302336838902,
        "n_contwords": 3.7857142857142856,
        "reply_fra_contwords": 0.12027470617353285,
        "op_fra_contwords": 0.12124256929271031,
        "jac_contwords": 0.062477126929811076
    },
    "94cef043-c9d8-4e15-b216-949d5913134a": {
        "n_comwords": 65.85714285714286,
        "reply_fra_comwords": 0.48156631354352125,