{
    "fe858614-6571-43e7-badf-3cdcb38337b3": {
        "conv_fe858614-6571-43e7-badf-3cdcb38337b3_utt_0": 0.0,
        "conv_fe858614-6571-43e7-badf-3cdcb38337b3_utt_1": 0.37394904895780745,
        "conv_fe858614-6571-43e7-badf-3cdcb38337b3_utt_2": 0.2387302970315131,
        "conv_fe858614-6571-43e7-badf-3cdcb38337b3_utt_3": 0.4724004874997961,
        "conv_fe858614-6571-43e7-badf-3cdcb38337b3_utt_4": 0.4012983017896527,
        "conv_fe858614-6571-43e7-badf-3cdcb38337b3_utt_5": 0.09197884959558238,
        "conv_fe858614-6571-43e7-badf-3cdcb38337b3_utt_6": 0.1774206741689281,
        "conv_fe858614-6571-43e7-badf-3cdcb38337b3_utt_7": 0.10684672691737233,
        "conv_fe858614-6571-43e7-badf-3cdcb38337b3_utt_8": 0.30808205343550366,
        "conv_fe858614-6571-43e7-badf-3cdcb38337b3_utt_9": 0.1500036677957881,
        "conv_fe858614-6571-43e7-badf-3cdcb38337b3_utt_10": 0.2159479485086132,
        "conv_fe858614-6571-43e7-badf-3cdcb38337b3_utt_11": 0.2278049977291072,
        "conv_fe858614-6571-43e7-badf-3cdcb38337b3_utt_12": 0.3994559383879687,
        "conv_fe858614-6571-43e7-badf-3cdcb38337b3_utt_13": 1.0,
        "conv_fe858614-6571-43e7-badf-3cdcb38337b3_utt_14": 0.23841738241923202
    }
}