{
    "fe858614-6571-43e7-badf-3cdcb38337b3": {
        "conv_fe858614-6571-43e7-badf-3cdcb38337b3_utt_0": 1.6496015563607216,
        "conv_fe858614-6571-43e7-badf-3cdcb38337b3_utt_1": 2.5828728629276156,
        "conv_fe858614-6571-43e7-badf-3cdcb38337b3_utt_2": 2.2454050136730075,
        "conv_fe858614-6571-43e7-badf-3cdcb38337b3_utt_3": 2.8285798728466034,
        "conv_fe858614-6571-43e7-badf-3cdcb38337b3_utt_4": 2.6511288806796074,
        "conv_fe858614-6571-43e7-badf-3cdcb38337b3_utt_5": 1.8791548106819391,
        "conv_fe858614-6571-43e7-badf-3cdcb38337b3_utt_6": 2.09239349514246,
        "conv_fe858614-6571-43e7-badf-3cdcb38337b3_utt_7": 1.916260837111622,
        "conv_fe858614-6571-43e7-badf-3cdcb38337b3_utt_8": 2.4184874282218516,
        "conv_fe858614-6571-43e7-badf-3cdcb38337b3_utt_9": 2.023968383669853,
        "conv_fe858614-6571-43e7-badf-3cdcb38337b3_utt_10": 2.1885467004030943,
        "conv_fe858614-6571-43e7-badf-3cdcb38337b3_utt_11": 2.218138549476862,
        "conv_fe858614-6571-43e7-badf-3cdcb38337b3_utt_12": 2.6465308615006506,
        "conv_fe858614-6571-43e7-badf-3cdcb38337b3_utt_13": 4.145319379866123,
        "conv_fe858614-6571-43e7-badf-3cdcb38337b3_utt_14": 2.2446240670979023
    }
}