{
    "fe858614-6571-43e7-badf-3cdcb38337b3": {
        "utt_[0:0]": 0.0,
        "utt_[0:1]": 0.2644219083363259,
        "utt_[0:2]": 0.18934719292422755,
        "utt_[0:3]": 0.2046482390721991,
        "utt_[0:4]": 0.18652654056430482,
        "utt_[0:5]": 0.18670345847671113,
        "utt_[0:6]": 0.17348256380057317,
        "utt_[0:7]": 0.1684873121963425,
        "utt_[0:8]": 0.15958921693940384,
        "utt_[0:9]": 0.15320035278240782,
        "utt_[0:10]": 0.14541989336598624,
        "utt_[0:11]": 0.13865478451900787,
        "utt_[0:12]": 0.14079147165042868,
        "utt_[0:13]": 0.24328710003482654,
        "utt_[0:14]": 0.23493182870519327
    }
}