{
    "fe858614-6571-43e7-badf-3cdcb38337b3": {
        "utt_[0:0]": 0.0,
        "utt_[0:1]": 0.6599224695602801,
        "utt_[0:2]": 0.47255716421171057,
        "utt_[0:3]": 0.5107442578014818,
        "utt_[0:4]": 0.46551761184313883,
        "utt_[0:5]": 0.4659591490304286,
        "utt_[0:6]": 0.4329635265445034,
        "utt_[0:7]": 0.420496788082931,
        "utt_[0:8]": 0.3982896531549403,
        "utt_[0:9]": 0.3823448510063705,
        "utt_[0:10]": 0.3629270197657468,
        "utt_[0:11]": 0.34604321703838875,
        "utt_[0:12]": 0.3513757851955303,
        "utt_[0:13]": 0.6071759517858581,
        "utt_[0:14]": 0.5863235522082688
    }
}