{
    "2adbde81-135e-4b18-9049-05237ffcb70f": {
        "n_comwords": 61.07692307692308,
        "reply_fra_comwords": 0.5676291747887402,
        "op_fra_comwords": 0.5183027765493597,
        "jac_comwords": 0.6624120735236771,
        "n_stopwords": 38.23076923076923,
        "reply_fra_stopwords": 0.7233812951046895,
        "op_fra_stopwords": 0.6784006705941442,
        "jac_stopwords": 0.9724031051679218,
        "n_contwords": 22.846153846153847,
        "reply_fra_contwords": 0.4173463195809897,
        "op_fra_contwords": 0.38493269200029256,
        "jac_contwords": 0.45739363192992105
    },
    "3c4596ce-ffc2-4485-8abc-2bee9f5a670b": {
        "n_comwords": 36.125,
        "reply_fra_comwords": 0.3932501976741925,
        "op_fra_comwords": 0.42645078170142203,
        "jac_comwords": 0.3055921530546463,
        "n_stopwords": 24.875,
        "reply_fra_stopwords": 0.5764989887904974,
        "op_fra_stopwords": 0.628353654462434,
        "jac_stopwords": 0.5915041527337038,
        "n_contwords": 11.25,
        "reply_fra_contwords": 0.22941322540881876,
        "op_fra_contwords": 0.24746237460393725,
        "jac_contwords": 0.1473024657449903
    },
    "44e70823-4c8e-401e-99f5-b15af8a86784": {
        "n_comwords": 36.625,
        "reply_fra_comwords": 0.3580165767597212,
        "op_fra_comwords": 0.38806869050163717,
        "jac_comwords": 0.3264525979751088,
        "n_stopwords": 20.125,
        "reply_fra_stopwords": 0.522565544597938,
        "op_fra_stopwords": 0.49322885963544594,
        "jac_stopwords": 0.4758967223252938,
        "n_contwords": 16.5,
        "reply_fra_contwords": 0.2791376770274807,
        "op_fra_contwords": 0.30573118130572197,
        "jac_contwords": 0.23587279652146304
    },
    "36ce99e3-cdef-4e45-8d51-0ee49a1f428a": {
        "n_comwords": 40.625,
        "reply_fra_comwords": 0.5084465008864079,
        "op_fra_comwords": 0.5570731050183104,
        "jac_comwords": 0.5073098294053302,
        "n_stopwords": 23.875,
        "reply_fra_stopwords": 0.6104347041847041,
        "op_fra_stopwords": 0.667254086079691,
        "jac_stopwords": 0.7126382694686266,
        "n_contwords": 16.75,
        "reply_fra_contwords": 0.40976197770013234,
        "op_fra_contwords": 0.44786837763228016,
        "jac_contwords": 0.3736428520967995
    },
    "aggregate_mean": {
        "n_comwords": 43.612980769230774,
        "reply_fra_comwords": 0.45683561252726546,
        "op_fra_comwords": 0.4724738384426823,
        "jac_comwords": 0.4504416634896906,
        "n_stopwords": 26.776442307692307,
        "reply_fra_stopwords": 0.6082201331694572,
        "op_fra_stopwords": 0.6168093176929288,
        "jac_stopwords": 0.6881105624238866,
        "n_contwords": 16.83653846153846,
        "reply_fra_contwords": 0.33391479992935535,
        "op_fra_contwords": 0.346498656385558,
        "jac_contwords": 0.3035529365732935
    }
}