{
    "05d53124-194a-4608-9614-c7075f71a827": 0.015251783442725174,
    "1257a767-cba5-43c7-a532-deda418022e5": 0.01731363122624485,
    "19537ffa-1ecd-46db-bae1-9b73ed1a348d": 0.019688002722266285,
    "22319d8f-f667-4d01-a826-f3b34992e562": 0.019878004776047235,
    "250cc245-86c4-4e97-a8ce-31d5d6796f71": 0.0176790547428951,
    "2feee653-15e9-4c38-b7a2-96fe26f50c9f": 0.01945106334124298,
    "3fcfa663-3941-4b4e-85e1-901344e4bdad": 0.01727686054330614,
    "4732dc6b-6877-4e3c-a707-c7ca5d8b1250": 0.018708486063817618,
    "4d691b23-bb7c-4116-8461-80fc09736a3e": 0.021332791901079964,
    "51958a28-0166-4f31-a76f-03283336be67": 0.015777998437761554,
    "5c938ddb-a2e8-4e0d-a0d6-0d1777e3d754": 0.013038507066453587,
    "6785e05d-df09-42f2-a50b-198443e9a280": 0.018471860480922603,
    "8b6f7246-433b-4c6d-a818-57fe62e0efca": 0.017825230128713447,
    "94cef043-c9d8-4e15-b216-949d5913134a": 0.026835819617052923,
    "969b328a-e5e1-4a4b-8757-051ae3ae2639": 0.012207517944211758,
    "a04ca284-78ee-4d1a-850b-39a974e3454e": 0.023768953284460957,
    "a6118626-1ca8-4d85-811c-d4828946fecf": 0.020625254079045224,
    "a8c03d35-683a-4c82-a0e7-7c5cf1cc9cc9": 0.020495534063489283,
    "aa703671-7285-4209-afec-4ccfe69378de": 0.014238612173894492,
    "b81e6a19-81a9-4da3-bc42-38a23a76ac0e": 0.01577563236499289,
    "db92e6f7-9dd2-42d3-9ca0-7d109e13cc4c": 0.016545238488310327,
    "e412135a-0fa7-4144-81f0-6d318f46af93": 0.018690843454689073,
    "fac8059e-390f-421a-bbb8-a4b615da8d35": 0.014785382775218597,
    "fe858614-6571-43e7-badf-3cdcb38337b3": 0.016409375644223918,
    "aggregate_mean": "0.018002976615127748"
}