{
    "05d53124-194a-4608-9614-c7075f71a827": 0.509172568140647,
    "1257a767-cba5-43c7-a532-deda418022e5": 0.58352918985931,
    "19537ffa-1ecd-46db-bae1-9b73ed1a348d": 0.7594792956460136,
    "22319d8f-f667-4d01-a826-f3b34992e562": 0.9628787058856381,
    "250cc245-86c4-4e97-a8ce-31d5d6796f71": 0.6492396409696697,
    "2feee653-15e9-4c38-b7a2-96fe26f50c9f": 0.6507671028606136,
    "3fcfa663-3941-4b4e-85e1-901344e4bdad": 0.6179695438192954,
    "4732dc6b-6877-4e3c-a707-c7ca5d8b1250": 0.7891399311917909,
    "4d691b23-bb7c-4116-8461-80fc09736a3e": 0.8336912199444061,
    "51958a28-0166-4f31-a76f-03283336be67": 0.6022004392249541,
    "5c938ddb-a2e8-4e0d-a0d6-0d1777e3d754": 0.5740952856579911,
    "6785e05d-df09-42f2-a50b-198443e9a280": 0.7036376135608178,
    "8b6f7246-433b-4c6d-a818-57fe62e0efca": 0.8945653987278446,
    "94cef043-c9d8-4e15-b216-949d5913134a": 1.061103400139175,
    "969b328a-e5e1-4a4b-8757-051ae3ae2639": 0.6346344361545344,
    "a04ca284-78ee-4d1a-850b-39a974e3454e": 1.0050163157513434,
    "a6118626-1ca8-4d85-811c-d4828946fecf": 0.868470079574621,
    "a8c03d35-683a-4c82-a0e7-7c5cf1cc9cc9": 0.7510873256230927,
    "aa703671-7285-4209-afec-4ccfe69378de": 0.45755431412116637,
    "b81e6a19-81a9-4da3-bc42-38a23a76ac0e": 0.7515552097884002,
    "db92e6f7-9dd2-42d3-9ca0-7d109e13cc4c": 0.7263870180132734,
    "e412135a-0fa7-4144-81f0-6d318f46af93": 0.6773213936482885,
    "fac8059e-390f-421a-bbb8-a4b615da8d35": 0.4751510382149066,
    "fe858614-6571-43e7-badf-3cdcb38337b3": 0.5863236427612403,
    "aggregate_mean": "0.7135404212199598"
}