{
    "fe858614-6571-43e7-badf-3cdcb38337b3": {
        "entropy_number_of_messages": 0.9259895178272453,
        "entropy_number_of_words": 0.9338628012554653
    }
}