{
    "fe858614-6571-43e7-badf-3cdcb38337b3": [
        {
            "1177539574031867850-1803531266786227527": {
                "entropy_number_of_messages": 1.0,
                "entropy_number_of_words": 0.9534985819759993
            }
        },
        [
            {
                "1177539574031867850-1749227735142220698": {
                    "entropy_number_of_messages": 0.9182958340544896,
                    "entropy_number_of_words": 0.9343200862265602
                }
            }
        ],
        [
            {
                "1177539574031867850-454109794482785919": {
                    "entropy_number_of_messages": 0.9463946303571862,
                    "entropy_number_of_words": 0.972123117224607
                }
            }
        ],
        [
            {
                "1177539574031867850--2245127828416994464": {
                    "entropy_number_of_messages": 0.9609640474436811,
                    "entropy_number_of_words": 0.9812758264219046
                }
            }
        ],
        [
            {
                "1177539574031867850-2233598285622128570": {
                    "entropy_number_of_messages": 0.9591479170272448,
                    "entropy_number_of_words": 0.9205883192438948
                }
            }
        ],
        [
            {
                "1177539574031867850-1122889348718222654": {
                    "entropy_number_of_messages": 0.9629610647945145,
                    "entropy_number_of_words": 0.9458395951168804
                }
            }
        ],
        [
            {
                "1177539574031867850-1109028874001236048": {
                    "entropy_number_of_messages": 0.9283832117695864,
                    "entropy_number_of_words": 0.9456146469794872
                }
            }
        ],
        [
            {
                "1177539574031867850-816770070279502423": {
                    "entropy_number_of_messages": 0.9462651872218009,
                    "entropy_number_of_words": 0.9508549825610626
                }
            }
        ],
        [
            {
                "1177539574031867850-2220355855625471092": {
                    "entropy_number_of_messages": 0.9674887648835617,
                    "entropy_number_of_words": 0.9507029135497241
                }
            }
        ],
        [
            {
                "1177539574031867850--646014961988845396": {
                    "entropy_number_of_messages": 0.960058249314534,
                    "entropy_number_of_words": 0.9537961527661591
                }
            }
        ],
        [
            {
                "1177539574031867850-2141761966579780005": {
                    "entropy_number_of_messages": 0.957742056202218,
                    "entropy_number_of_words": 0.9633755584645836
                }
            }
        ],
        [
            {
                "1177539574031867850-522571906947457986": {
                    "entropy_number_of_messages": 0.9345154830993555,
                    "entropy_number_of_words": 0.9484543649823758
                }
            }
        ],
        [
            {
                "1177539574031867850-543668564037697037": {
                    "entropy_number_of_messages": 0.9491132589845683,
                    "entropy_number_of_words": 0.9451448323348793
                }
            }
        ],
        [
            {
                "1177539574031867850--1774887048546884962": {
                    "entropy_number_of_messages": 0.9259895178272453,
                    "entropy_number_of_words": 0.9338628012554653
                }
            }
        ]
    ]
}