{
    "fe858614-6571-43e7-badf-3cdcb38337b3": {
        "utt_0": {
            "Gunning_Fog": 10.711111111111112,
            "Smog": 10.355215969177355,
            "Flesch": 105.58000000000003,
            "Flesch_Kincaid": 0.7688888888888883
        },
        "utt_1": {
            "Gunning_Fog": 14.9,
            "Smog": 13.662883650711645,
            "Flesch": 102.82249999999999,
            "Flesch_Kincaid": 2.892500000000002
        },
        "utt_2": {
            "Gunning_Fog": 14.370612244897963,
            "Smog": 13.348371206891418,
            "Flesch": 116.15324489795918,
            "Flesch_Kincaid": 1.927469387755103
        },
        "utt_3": {
            "Gunning_Fog": 9.304994192799072,
            "Smog": 8.841846274778883,
            "Flesch": 130.53658536585365,
            "Flesch_Kincaid": -0.5826713124274079
        },
        "utt_4": {
            "Gunning_Fog": 13.973708920187796,
            "Smog": 12.457975602129121,
            "Flesch": 113.10769953051644,
            "Flesch_Kincaid": 3.362535211267609
        },
        "utt_5": {
            "Gunning_Fog": 12.998731501057083,
            "Smog": 12.404819183094986,
            "Flesch": 114.2338583509514,
            "Flesch_Kincaid": 1.2105073995771676
        },
        "utt_6": {
            "Gunning_Fog": 8.574149659863947,
            "Smog": 8.344100000000001,
            "Flesch": 145.36687074829933,
            "Flesch_Kincaid": -2.958775510204081
        },
        "utt_7": {
            "Gunning_Fog": 11.810526315789474,
            "Smog": 11.20814326018867,
            "Flesch": 124.47105263157897,
            "Flesch_Kincaid": 0.6182456140350858
        },
        "utt_8": {
            "Gunning_Fog": 11.420395738203958,
            "Smog": 11.20814326018867,
            "Flesch": 118.51738964992393,
            "Flesch_Kincaid": 0.758584474885847
        },
        "utt_9": {
            "Gunning_Fog": 9.079365079365079,
            "Smog": 9.150863307647796,
            "Flesch": 127.59611111111113,
            "Flesch_Kincaid": -0.673333333333332
        },
        "utt_10": {
            "Gunning_Fog": 10.303006535947715,
            "Smog": 10.355215969177355,
            "Flesch": 124.39961764705883,
            "Flesch_Kincaid": -0.29097385620914906
        },
        "utt_11": {
            "Gunning_Fog": 13.202564102564104,
            "Smog": 11.855464076750408,
            "Flesch": 120.21627747252748,
            "Flesch_Kincaid": 2.1433058608058637
        },
        "utt_12": {
            "Gunning_Fog": 11.617416545718434,
            "Smog": 11.362043627235082,
            "Flesch": 120.44778664731496,
            "Flesch_Kincaid": 0.510566037735849
        },
        "utt_13": {
            "Gunning_Fog": 9.36910569105691,
            "Smog": 9.725611199111238,
            "Flesch": 129.68528455284553,
            "Flesch_Kincaid": -1.433983739837398
        },
        "utt_14": {
            "Gunning_Fog": 10.871651090342679,
            "Smog": 10.504223727775692,
            "Flesch": 143.66687694704052,
            "Flesch_Kincaid": -2.3490186915887854
        }
    }
}