{
    "05d53124-194a-4608-9614-c7075f71a827": {
        "entropy_number_of_messages": 0.9642138848708691,
        "entropy_number_of_words": 0.9709074634207574
    },
    "1257a767-cba5-43c7-a532-deda418022e5": {
        "entropy_number_of_messages": 0.9758553293214521,
        "entropy_number_of_words": 0.9584851967933634
    },
    "19537ffa-1ecd-46db-bae1-9b73ed1a348d": {
        "entropy_number_of_messages": 0.9462874612889591,
        "entropy_number_of_words": 0.9491527768601035
    },
    "22319d8f-f667-4d01-a826-f3b34992e562": {
        "entropy_number_of_messages": 0.954644448337665,
        "entropy_number_of_words": 0.9452515944659158
    },
    "250cc245-86c4-4e97-a8ce-31d5d6796f71": {
        "entropy_number_of_messages": 0.96929346595908,
        "entropy_number_of_words": 0.9210090428176305
    },
    "2feee653-15e9-4c38-b7a2-96fe26f50c9f": {
        "entropy_number_of_messages": 0.9758553293214521,
        "entropy_number_of_words": 0.9688722201816726
    },
    "3fcfa663-3941-4b4e-85e1-901344e4bdad": {
        "entropy_number_of_messages": 0.8987931696745562,
        "entropy_number_of_words": 0.911693674988419
    },
    "4732dc6b-6877-4e3c-a707-c7ca5d8b1250": {
        "entropy_number_of_messages": 0.9080630942453353,
        "entropy_number_of_words": 0.8396502284990812
    },
    "4d691b23-bb7c-4116-8461-80fc09736a3e": {
        "entropy_number_of_messages": 0.9462874612889591,
        "entropy_number_of_words": 0.9301875029530765
    },
    "51958a28-0166-4f31-a76f-03283336be67": {
        "entropy_number_of_messages": 0.9579289057395421,
        "entropy_number_of_words": 0.9207409972881703
    },
    "5c938ddb-a2e8-4e0d-a0d6-0d1777e3d754": {
        "entropy_number_of_messages": 0.9566504715755689,
        "entropy_number_of_words": 0.9491675070626829
    },
    "6785e05d-df09-42f2-a50b-198443e9a280": {
        "entropy_number_of_messages": 0.9642138848708691,
        "entropy_number_of_words": 0.9321613882378276
    },
    "8b6f7246-433b-4c6d-a818-57fe62e0efca": {
        "entropy_number_of_messages": 0.9167195932564662,
        "entropy_number_of_words": 0.9066161312874503
    },
    "94cef043-c9d8-4e15-b216-949d5913134a": {
        "entropy_number_of_messages": 0.9566504715755689,
        "entropy_number_of_words": 0.9524017402986966
    },
    "969b328a-e5e1-4a4b-8757-051ae3ae2639": {
        "entropy_number_of_messages": 0.9761191615327829,
        "entropy_number_of_words": 0.973609112989201
    },
    "a04ca284-78ee-4d1a-850b-39a974e3454e": {
        "entropy_number_of_messages": 0.9937817529033621,
        "entropy_number_of_words": 0.9702903612160332
    },
    "a6118626-1ca8-4d85-811c-d4828946fecf": {
        "entropy_number_of_messages": 0.9758553293214521,
        "entropy_number_of_words": 0.9525687839784197
    },
    "a8c03d35-683a-4c82-a0e7-7c5cf1cc9cc9": {
        "entropy_number_of_messages": 0.9758553293214521,
        "entropy_number_of_words": 0.9531919842831598
    },
    "aa703671-7285-4209-afec-4ccfe69378de": {
        "entropy_number_of_messages": 0.9887621559162939,
        "entropy_number_of_words": 0.9543162115165268
    },
    "b81e6a19-81a9-4da3-bc42-38a23a76ac0e": {
        "entropy_number_of_messages": 0.9758553293214521,
        "entropy_number_of_words": 0.9281807165766924
    },
    "db92e6f7-9dd2-42d3-9ca0-7d109e13cc4c": {
        "entropy_number_of_messages": 0.9642138848708691,
        "entropy_number_of_words": 0.9622458897446228
    },
    "e412135a-0fa7-4144-81f0-6d318f46af93": {
        "entropy_number_of_messages": 0.9758553293214521,
        "entropy_number_of_words": 0.9292578577726567
    },
    "fac8059e-390f-421a-bbb8-a4b615da8d35": {
        "entropy_number_of_messages": 0.9579289057395421,
        "entropy_number_of_words": 0.953020790710331
    },
    "fe858614-6571-43e7-badf-3cdcb38337b3": {
        "entropy_number_of_messages": 0.9259895178272453,
        "entropy_number_of_words": 0.9338628012554653
    },
    "aggregate_mean": {
        "entropy_number_of_messages": 0.9584030694750938,
        "entropy_number_of_words": 0.9402850822999147
    }
}