{
    "028f869d-cf12-444a-aefc-62f8b6294acd": 0.01629479614402714,
    "0594f5fe-3bef-4642-8bb7-9ac356f44acb": 0.0073037739497333965,
    "07bd0dbc-5591-4b1a-ba75-fb7a84c28986": 0.007951496523372103,
    "095f8e2c-4c6b-45d3-983b-c0a836cd1d4e": 0.01050854148274649,
    "0d4caeec-0d56-4074-a2df-4bf5012d1c19": 0.008426220408900837,
    "11d555f4-f5e4-4f64-a0cd-f89f2b29553d": 0.005904045829263466,
    "139dce53-526b-4950-83cc-1ce060739e3e": 0.008391417216250141,
    "15f0ac31-1302-40eb-ba03-b486561cfd2b": 0.006944275984972977,
    "1809810f-858f-468c-b9a4-bbcf0523bcdb": 0.009685442809457111,
    "180eb804-cb97-4406-90e8-3e7a09f9c053": 0.00862732149406147,
    "1814b1e7-c4eb-4450-b1f0-e610c6867ad1": 0.00760905556654042,
    "1b036ecb-5907-4257-a3eb-f564536938b2": 0.007990350221711323,
    "1b9af03a-f1c8-4a44-a8af-1145c839107b": 0.009035672634161539,
    "1fa4c466-c4d5-4687-8768-c48b51d3a2bd": 0.009492326641526267,
    "2085249e-2875-4d5b-a538-0b01f43880fa": 0.006987040862791621,
    "2792182e-9171-4d23-a5c2-6c1e5e65d5ad": 0.0063015202998570235,
    "2c2254a1-01fc-498c-9754-f9022c082640": 0.008468268312790954,
    "2d97b29f-39b8-405c-b536-7ca08a060e8b": 0.00725953923783803,
    "2e536c84-7daa-4e12-b307-4e210953b7ea": 0.006390101656977393,
    "3250a893-1fe5-49de-9bc9-4779dfe68c13": 0.014684008881661992,
    "34418c58-f3e9-4dfd-94fe-de4dec288206": 0.009819477930452836,
    "391ae05a-aaea-4445-ba16-02d78ea61b70": 0.011719931339933142,
    "3a7772b5-2338-4428-b688-a895d4911cec": 0.008970063476388474,
    "3b13bb6b-933c-4fac-a920-5d63c2537cfa": 0.007594277475354432,
    "3bd075d6-b91b-4f60-9138-c33feff56d2c": 0.008079306842937773,
    "3c54ff28-8df5-46af-9a92-f6485d99aab6": 0.010361044814043045,
    "3c7a897a-7c1d-4208-868c-a5e3b1382245": 0.007413228372075691,
    "3d355114-3f2e-4ff0-8bca-f3ca8b2f7464": 0.006918662574586174,
    "3f01371c-5cc3-4b78-a05b-2211637ac21c": 0.009101611877206761,
    "3f2b7591-7433-4138-b716-e30c1c96fcd7": 0.011239712407795787,
    "3f5bfecb-272d-4535-a0f3-e2d083b80a5b": 0.010106170741645614,
    "3f96869b-6cc1-448e-ad1d-07d74985ffeb": 0.008188269162279152,
    "416cc7ff-3394-44af-b09c-4af4b3dc0f30": 0.009903701069922222,
    "464105a7-8c06-4b22-9f4d-0996f51baa47": 0.00961897400394774,
    "49d3315e-05e3-47a3-981a-12e39c75d4e2": 0.009476320362284426,
    "4b0f71c3-126f-41a3-a304-0c587a6de2a4": 0.00856638932043269,
    "4d5061ed-8982-49b1-b4c1-5bb78977e931": 0.005559728186974126,
    "53160b89-5ba2-4239-a4ff-f9911466166f": 0.008449790757157152,
    "572252a2-ab55-4029-a99a-7fd786fd963f": 0.011704207699623857,
    "577de68d-dc5d-4c5c-a7ae-948a6645fb1e": 0.008541688595472812,
    "5904e50b-711c-4683-882d-afdbe40125ad": 0.00557302983230979,
    "5b5158f4-bc3d-4c99-84fe-c8c99a840fac": 0.009846680412805637,
    "63277108-b3f6-439e-a6e2-09515f909318": 0.008152791267928488,
    "653caf7c-6c7f-4e07-92d1-07d7a7df4a70": 0.008009052155166684,
    "66a3c1da-ac08-4ae0-8288-6aa3df78f5ae": 0.007545263922090748,
    "6771157a-1f77-4752-96d1-91215c77efb5": 0.00983758407401751,
    "6b41030e-adfb-48ba-964d-63f3fb655c20": 0.011442855215985148,
    "6c74f8b6-b9f4-44b6-83fd-2db50c0a1d7f": 0.007919565884098034,
    "6cdb31f4-3732-435a-9a20-f90807d19cdf": 0.011744506313210872,
    "6da0587d-c0df-4074-9659-ab5f531ea32e": 0.008608461018551245,
    "6f503e5f-09c4-42ad-90a8-f64acaee184f": 0.010790950704508844,
    "6f8ff031-2968-4f0a-82bc-55d1bbcea580": 0.007674432721378792,
    "71df972f-32d4-460a-bea9-eed041325afa": 0.016774125151408702,
    "74284cd2-0993-4b1c-ba38-bd0e161104a2": 0.018021724643085213,
    "760cda2b-cda9-4540-a967-cb1369f7faf2": 0.007487928180644373,
    "7bf77ae2-059c-48cd-ba8d-ebdb40b42d48": 0.00937053078957173,
    "7c45b41a-8972-40ca-92af-a7463d45785b": 0.010243636545672143,
    "7ed4a7df-adab-4320-9ca4-f8cd1f51cb30": 0.0074140436893522935,
    "80a2dd36-56bb-4d6d-a16b-5887a2732e17": 0.008862062556323907,
    "866e2f2f-2906-42ba-911e-1d6478c648a4": 0.015265887921919834,
    "8cc5d294-2b7c-476d-a277-754e8087254a": 0.010649899034734553,
    "8cf18673-5f91-4d98-bf95-efe5c9547d17": 0.008049312568798454,
    "8e301e72-344d-4331-89bc-4dc1edca20fe": 0.00930266497017535,
    "8fd69250-71ad-4b24-9dca-0658d6eb95fc": 0.007977208010036003,
    "91300316-873e-4693-b740-b4c328275be0": 0.020200486006129316,
    "921d9fca-67ce-4f9f-8153-06e588b2817c": 0.01046175393177398,
    "95bd926c-7fdd-4b77-a138-543a087193e9": 0.010737922016858272,
    "a34205f6-2279-4782-b072-acbf2f366920": 0.009313023628405142,
    "a34730de-4f8f-47dc-b2c3-b26449cf828a": 0.008700444206395168,
    "a40ee84f-6a54-44a7-a021-d37588c0324d": 0.01371461995119279,
    "a6b0f005-b108-4171-b937-8d236c4c8f0c": 0.008715523748878639,
    "a7bacaf0-6881-4d73-8d3d-85b093a44786": 0.011021725169372842,
    "a8a35ead-e919-4cfc-ad3d-6ec70f8668b2": 0.008591341488988482,
    "aa3d5a2a-06b4-45fd-954e-c1f50232d127": 0.0070887700708477846,
    "acbd45bd-1ee2-4eae-94af-804faff1aefb": 0.00638868392864993,
    "b2a258e0-7d2a-4cbd-8fbe-6102cb280aee": 0.008288664203638038,
    "b2e3d4d7-9f94-434f-add3-edf3bb36dd53": 0.009572060942343913,
    "b3901ef7-2dd2-4ce3-867e-92bc3f21e075": 0.009401811920703515,
    "b438b22c-f2db-44e8-8176-85765361ca04": 0.009680064441472803,
    "b49b1b8b-eaf3-4ff7-b118-b07cc3939031": 0.010124362032295392,
    "b4e5422e-374d-473d-bd20-f87d3095980b": 0.0069979386586157535,
    "b50e9b8e-4457-4352-b682-7207abc27332": 0.009263799701012855,
    "b6690a80-1a74-40f1-bccd-7248c272121c": 0.010231257685336934,
    "b7674ce3-6caf-443a-b076-b6ae35f421a2": 0.008797673530906398,
    "ba0e88c5-6c7c-4425-b8b7-ff505eac17c5": 0.009600899443024407,
    "ba63bdf2-e7cf-441e-9647-362eb298248d": 0.009864992968590353,
    "bd9afcb8-af8a-4223-8bee-a077576acb95": 0.009375630631537277,
    "bdfcc19e-d999-4983-a565-4b5254352b74": 0.012710471317932256,
    "bf2a3ac4-6958-4c74-8c25-413cbc5c36ec": 0.008432094065621834,
    "c41d09dc-05e0-45a0-b16e-02c7bde95e81": 0.007198171116775749,
    "c7ebc04c-0cd5-47a6-a086-9591a0083c61": 0.017878150325438116,
    "c808ccff-5938-4794-8df8-950448318d4e": 0.005916350500759081,
    "c8c3eda7-92ec-4880-a6cf-4b26bb1f3815": 0.008031740466612836,
    "ca0f16c9-a47c-462b-a46f-43071a9bdb4d": 0.006962362812105391,
    "cabb2bd6-d503-4deb-bbdd-dcb27f0406fd": 0.008267436299206213,
    "cc2380bb-531d-4b95-ae84-5182d714b6d6": 0.008100544217966413,
    "cd732919-eb72-4ceb-9f5f-6e7ee25426ed": 0.008354986998764418,
    "ce54c6c9-6b00-4cf4-96e3-48e4b90585f7": 0.011605048662334982,
    "d0497e69-0af6-4295-8648-26afe141f8a0": 0.010840236225971887,
    "dab1eb5f-be8e-45cb-962a-3f5bed969e12": 0.009193263986117374,
    "de51fa6c-ee7b-4430-8dcd-52b0046c00bc": 0.01072965114873303,
    "e0a42643-3f2e-429c-bc00-c8332dc641d1": 0.01002774006714467,
    "e207a185-3ea3-4720-aed1-8064a3cb9b9f": 0.008759240563378677,
    "e470e71c-6473-407f-bd14-12c66828b5d5": 0.010523998469521059,
    "e856fa7c-da3c-49b4-a187-dbdc2d763e1f": 0.009180770758762686,
    "e9801980-cc94-488a-a8fc-516aab14ce1f": 0.01130426980490908,
    "ea09d5b8-22f5-4c75-a838-80c63ba84ff2": 0.010012003066919293,
    "ea8eb1b0-dfff-495d-b569-9053aa8f4a8f": 0.007414474574963629,
    "ed709c3a-29f6-45f3-a63b-f1f4283d3d89": 0.009178931566103521,
    "f4c92f48-1045-49db-9ad5-c5aee0f650cc": 0.010025062524214841,
    "f66c6907-aa30-4dc3-8752-fa4b6d926e14": 0.011903076092247767,
    "f7221fe4-3eac-42f2-937a-1dacbbe72395": 0.007282337119776886,
    "f8085173-8cbf-4c15-a9e8-713c40539bdd": 0.008456700798970873,
    "f83f95e7-1200-4dcd-a620-29694858190b": 0.009224124586087259,
    "fce13b53-ae50-47b2-b70e-1de66f31a8bf": 0.009684296774332132,
    "fdb670f7-dd7e-4222-8f5e-e3c6a8fccff4": 0.009305905134799463,
    "aggregate_mean": "0.009437835009537685"
}