{
    "028f869d-cf12-444a-aefc-62f8b6294acd": 0.8933896263000928,
    "0594f5fe-3bef-4642-8bb7-9ac356f44acb": 0.79226006636734,
    "07bd0dbc-5591-4b1a-ba75-fb7a84c28986": 0.7657597491662229,
    "095f8e2c-4c6b-45d3-983b-c0a836cd1d4e": 1.0683243031017844,
    "0d4caeec-0d56-4074-a2df-4bf5012d1c19": 0.8614882064468717,
    "11d555f4-f5e4-4f64-a0cd-f89f2b29553d": 0.705298396791672,
    "139dce53-526b-4950-83cc-1ce060739e3e": 0.7040626490881386,
    "15f0ac31-1302-40eb-ba03-b486561cfd2b": 0.7359719009975177,
    "1809810f-858f-468c-b9a4-bbcf0523bcdb": 0.8474449966820817,
    "180eb804-cb97-4406-90e8-3e7a09f9c053": 0.7855253948364997,
    "1814b1e7-c4eb-4450-b1f0-e610c6867ad1": 0.7997961488898139,
    "1b036ecb-5907-4257-a3eb-f564536938b2": 0.874249864318703,
    "1b9af03a-f1c8-4a44-a8af-1145c839107b": 0.9910898381037926,
    "1fa4c466-c4d5-4687-8768-c48b51d3a2bd": 0.8772784367147202,
    "2085249e-2875-4d5b-a538-0b01f43880fa": 0.7130924648272622,
    "2792182e-9171-4d23-a5c2-6c1e5e65d5ad": 0.7458351441251119,
    "2c2254a1-01fc-498c-9754-f9022c082640": 0.7726404433782662,
    "2d97b29f-39b8-405c-b536-7ca08a060e8b": 0.7943313760996734,
    "2e536c84-7daa-4e12-b307-4e210953b7ea": 0.7050370061832829,
    "3250a893-1fe5-49de-9bc9-4779dfe68c13": 0.6307893402193177,
    "34418c58-f3e9-4dfd-94fe-de4dec288206": 0.95355419694441,
    "391ae05a-aaea-4445-ba16-02d78ea61b70": 0.9935415358580318,
    "3a7772b5-2338-4428-b688-a895d4911cec": 0.8687975492980976,
    "3b13bb6b-933c-4fac-a920-5d63c2537cfa": 0.8049004272170557,
    "3bd075d6-b91b-4f60-9138-c33feff56d2c": 0.7041689206893531,
    "3c54ff28-8df5-46af-9a92-f6485d99aab6": 0.9392585061397852,
    "3c7a897a-7c1d-4208-868c-a5e3b1382245": 0.8600240564873601,
    "3d355114-3f2e-4ff0-8bca-f3ca8b2f7464": 0.7380876950905385,
    "3f01371c-5cc3-4b78-a05b-2211637ac21c": 0.9193574129278897,
    "3f2b7591-7433-4138-b716-e30c1c96fcd7": 0.9207317137104778,
    "3f5bfecb-272d-4535-a0f3-e2d083b80a5b": 0.9113564798132658,
    "3f96869b-6cc1-448e-ad1d-07d74985ffeb": 0.8569553746230754,
    "416cc7ff-3394-44af-b09c-4af4b3dc0f30": 0.9084537960942769,
    "464105a7-8c06-4b22-9f4d-0996f51baa47": 0.8577208775955705,
    "49d3315e-05e3-47a3-981a-12e39c75d4e2": 0.9026908912167548,
    "4b0f71c3-126f-41a3-a304-0c587a6de2a4": 0.8758271811035915,
    "4d5061ed-8982-49b1-b4c1-5bb78977e931": 0.6747351120088638,
    "53160b89-5ba2-4239-a4ff-f9911466166f": 0.8018131079744646,
    "572252a2-ab55-4029-a99a-7fd786fd963f": 0.9488451511850595,
    "577de68d-dc5d-4c5c-a7ae-948a6645fb1e": 0.8090219216004396,
    "5904e50b-711c-4683-882d-afdbe40125ad": 0.6063517212399734,
    "5b5158f4-bc3d-4c99-84fe-c8c99a840fac": 0.915244261544123,
    "63277108-b3f6-439e-a6e2-09515f909318": 0.6765363296499235,
    "653caf7c-6c7f-4e07-92d1-07d7a7df4a70": 0.5976702771687888,
    "66a3c1da-ac08-4ae0-8288-6aa3df78f5ae": 0.7776222331756961,
    "6771157a-1f77-4752-96d1-91215c77efb5": 0.9647328730214313,
    "6b41030e-adfb-48ba-964d-63f3fb655c20": 1.0312959939551993,
    "6c74f8b6-b9f4-44b6-83fd-2db50c0a1d7f": 0.808764569754333,
    "6cdb31f4-3732-435a-9a20-f90807d19cdf": 0.9190036820712288,
    "6da0587d-c0df-4074-9659-ab5f531ea32e": 0.8635023593244519,
    "6f503e5f-09c4-42ad-90a8-f64acaee184f": 1.0315200906181206,
    "6f8ff031-2968-4f0a-82bc-55d1bbcea580": 0.7523682472243731,
    "71df972f-32d4-460a-bea9-eed041325afa": 0.7484075589248577,
    "74284cd2-0993-4b1c-ba38-bd0e161104a2": 0.9565199336978754,
    "760cda2b-cda9-4540-a967-cb1369f7faf2": 0.7495857480308935,
    "7bf77ae2-059c-48cd-ba8d-ebdb40b42d48": 0.941942253838386,
    "7c45b41a-8972-40ca-92af-a7463d45785b": 0.8693654809179927,
    "7ed4a7df-adab-4320-9ca4-f8cd1f51cb30": 0.8260056617427106,
    "80a2dd36-56bb-4d6d-a16b-5887a2732e17": 0.9293728102741585,
    "866e2f2f-2906-42ba-911e-1d6478c648a4": 0.9997943345480215,
    "8cc5d294-2b7c-476d-a277-754e8087254a": 0.6539137906783897,
    "8cf18673-5f91-4d98-bf95-efe5c9547d17": 0.8350858426600758,
    "8e301e72-344d-4331-89bc-4dc1edca20fe": 0.7187810587933947,
    "8fd69250-71ad-4b24-9dca-0658d6eb95fc": 0.8319759442400977,
    "91300316-873e-4693-b740-b4c328275be0": 0.901935197627122,
    "921d9fca-67ce-4f9f-8153-06e588b2817c": 0.9822563498281583,
    "95bd926c-7fdd-4b77-a138-543a087193e9": 1.014283448455008,
    "a34205f6-2279-4782-b072-acbf2f366920": 0.8820846528473256,
    "a34730de-4f8f-47dc-b2c3-b26449cf828a": 0.890800753857197,
    "a40ee84f-6a54-44a7-a021-d37588c0324d": 0.8800799338199061,
    "a6b0f005-b108-4171-b937-8d236c4c8f0c": 0.8389734823482154,
    "a7bacaf0-6881-4d73-8d3d-85b093a44786": 0.876479293429992,
    "a8a35ead-e919-4cfc-ad3d-6ec70f8668b2": 0.6555848793942352,
    "aa3d5a2a-06b4-45fd-954e-c1f50232d127": 0.7263852422835809,
    "acbd45bd-1ee2-4eae-94af-804faff1aefb": 0.7098845035353445,
    "b2a258e0-7d2a-4cbd-8fbe-6102cb280aee": 0.7380538233677848,
    "b2e3d4d7-9f94-434f-add3-edf3bb36dd53": 0.8383251703933711,
    "b3901ef7-2dd2-4ce3-867e-92bc3f21e075": 0.8011718525376991,
    "b438b22c-f2db-44e8-8176-85765361ca04": 0.9527147809805242,
    "b49b1b8b-eaf3-4ff7-b118-b07cc3939031": 1.0478559378948067,
    "b4e5422e-374d-473d-bd20-f87d3095980b": 0.6916937808486557,
    "b50e9b8e-4457-4352-b682-7207abc27332": 0.8724004303515633,
    "b6690a80-1a74-40f1-bccd-7248c272121c": 0.9604516837185321,
    "b7674ce3-6caf-443a-b076-b6ae35f421a2": 0.9056679594167318,
    "ba0e88c5-6c7c-4425-b8b7-ff505eac17c5": 0.9111868354978396,
    "ba63bdf2-e7cf-441e-9647-362eb298248d": 0.8647332300029393,
    "bd9afcb8-af8a-4223-8bee-a077576acb95": 0.8373085052935996,
    "bdfcc19e-d999-4983-a565-4b5254352b74": 0.681637328642941,
    "bf2a3ac4-6958-4c74-8c25-413cbc5c36ec": 0.8214513054985693,
    "c41d09dc-05e0-45a0-b16e-02c7bde95e81": 0.7134856804270755,
    "c7ebc04c-0cd5-47a6-a086-9591a0083c61": 0.9357072610774018,
    "c808ccff-5938-4794-8df8-950448318d4e": 0.6457465873864368,
    "c8c3eda7-92ec-4880-a6cf-4b26bb1f3815": 0.7851449475617237,
    "ca0f16c9-a47c-462b-a46f-43071a9bdb4d": 0.7192321737525497,
    "cabb2bd6-d503-4deb-bbdd-dcb27f0406fd": 0.8601708226997345,
    "cc2380bb-531d-4b95-ae84-5182d714b6d6": 0.7750137438657844,
    "cd732919-eb72-4ceb-9f5f-6e7ee25426ed": 0.8397281734799563,
    "ce54c6c9-6b00-4cf4-96e3-48e4b90585f7": 1.003364014865191,
    "d0497e69-0af6-4295-8648-26afe141f8a0": 0.8876709225304296,
    "dab1eb5f-be8e-45cb-962a-3f5bed969e12": 0.9385899936747281,
    "de51fa6c-ee7b-4430-8dcd-52b0046c00bc": 1.0836105574316994,
    "e0a42643-3f2e-429c-bc00-c8332dc641d1": 0.9039940920705938,
    "e207a185-3ea3-4720-aed1-8064a3cb9b9f": 0.8401937098933154,
    "e470e71c-6473-407f-bd14-12c66828b5d5": 0.807433705524371,
    "e856fa7c-da3c-49b4-a187-dbdc2d763e1f": 0.8033082816958599,
    "e9801980-cc94-488a-a8fc-516aab14ce1f": 1.0640350252417228,
    "ea09d5b8-22f5-4c75-a838-80c63ba84ff2": 0.8612437372821462,
    "ea8eb1b0-dfff-495d-b569-9053aa8f4a8f": 0.731979688042932,
    "ed709c3a-29f6-45f3-a63b-f1f4283d3d89": 0.9081912705250248,
    "f4c92f48-1045-49db-9ad5-c5aee0f650cc": 0.8994692233067799,
    "f66c6907-aa30-4dc3-8752-fa4b6d926e14": 1.0878226093997954,
    "f7221fe4-3eac-42f2-937a-1dacbbe72395": 0.7349373812838188,
    "f8085173-8cbf-4c15-a9e8-713c40539bdd": 0.912121256109067,
    "f83f95e7-1200-4dcd-a620-29694858190b": 0.9683021899335751,
    "fce13b53-ae50-47b2-b70e-1de66f31a8bf": 1.0065970872722299,
    "fdb670f7-dd7e-4222-8f5e-e3c6a8fccff4": 0.8894164836667167,
    "aggregate_mean": "0.8466274249929597"
}