{
    "028f869d-cf12-444a-aefc-62f8b6294acd": {
        "entropy_number_of_messages": 0.8822716235122601,
        "entropy_number_of_words": 0.7698529466380669
    },
    "0594f5fe-3bef-4642-8bb7-9ac356f44acb": {
        "entropy_number_of_messages": 0.8116425976615914,
        "entropy_number_of_words": 0.7981444366919629
    },
    "07bd0dbc-5591-4b1a-ba75-fb7a84c28986": {
        "entropy_number_of_messages": 0.7967105453264682,
        "entropy_number_of_words": 0.8981879654438621
    },
    "095f8e2c-4c6b-45d3-983b-c0a836cd1d4e": {
        "entropy_number_of_messages": 0.781251028453521,
        "entropy_number_of_words": 0.8181227270216348
    },
    "0d4caeec-0d56-4074-a2df-4bf5012d1c19": {
        "entropy_number_of_messages": 0.7823989074203012,
        "entropy_number_of_words": 0.8288126320198784
    },
    "11d555f4-f5e4-4f64-a0cd-f89f2b29553d": {
        "entropy_number_of_messages": 0.8445906211970907,
        "entropy_number_of_words": 0.8662721099878162
    },
    "139dce53-526b-4950-83cc-1ce060739e3e": {
        "entropy_number_of_messages": 0.8207946171813331,
        "entropy_number_of_words": 0.904391358618333
    },
    "15f0ac31-1302-40eb-ba03-b486561cfd2b": {
        "entropy_number_of_messages": 0.8268160539661173,
        "entropy_number_of_words": 0.8466992005855015
    },
    "1809810f-858f-468c-b9a4-bbcf0523bcdb": {
        "entropy_number_of_messages": 0.8288193572093743,
        "entropy_number_of_words": 0.8600769047015805
    },
    "180eb804-cb97-4406-90e8-3e7a09f9c053": {
        "entropy_number_of_messages": 0.8175437659065087,
        "entropy_number_of_words": 0.8937883998860356
    },
    "1814b1e7-c4eb-4450-b1f0-e610c6867ad1": {
        "entropy_number_of_messages": 0.7967105453264682,
        "entropy_number_of_words": 0.7678169256293752
    },
    "1b036ecb-5907-4257-a3eb-f564536938b2": {
        "entropy_number_of_messages": 0.8175437659065087,
        "entropy_number_of_words": 0.7960523989449841
    },
    "1b9af03a-f1c8-4a44-a8af-1145c839107b": {
        "entropy_number_of_messages": 0.7823989074203012,
        "entropy_number_of_words": 0.7715293169400131
    },
    "1fa4c466-c4d5-4687-8768-c48b51d3a2bd": {
        "entropy_number_of_messages": 0.7823989074203012,
        "entropy_number_of_words": 0.7858456773763838
    },
    "2085249e-2875-4d5b-a538-0b01f43880fa": {
        "entropy_number_of_messages": 0.8159141063107807,
        "entropy_number_of_words": 0.8845146616199936
    },
    "2792182e-9171-4d23-a5c2-6c1e5e65d5ad": {
        "entropy_number_of_messages": 0.8053874131674276,
        "entropy_number_of_words": 0.8191067160800535
    },
    "2c2254a1-01fc-498c-9754-f9022c082640": {
        "entropy_number_of_messages": 0.8445906211970907,
        "entropy_number_of_words": 0.9415021128868417
    },
    "2d97b29f-39b8-405c-b536-7ca08a060e8b": {
        "entropy_number_of_messages": 0.7774162965334104,
        "entropy_number_of_words": 0.7074763337840644
    },
    "2e536c84-7daa-4e12-b307-4e210953b7ea": {
        "entropy_number_of_messages": 0.8116425976615914,
        "entropy_number_of_words": 0.8316709618309538
    },
    "3250a893-1fe5-49de-9bc9-4779dfe68c13": {
        "entropy_number_of_messages": 0.8987931696745561,
        "entropy_number_of_words": 0.8695372938186587
    },
    "34418c58-f3e9-4dfd-94fe-de4dec288206": {
        "entropy_number_of_messages": 0.7823989074203012,
        "entropy_number_of_words": 0.8383512969621655
    },
    "391ae05a-aaea-4445-ba16-02d78ea61b70": {
        "entropy_number_of_messages": 0.8376868832769487,
        "entropy_number_of_words": 0.9187676197454332
    },
    "3a7772b5-2338-4428-b688-a895d4911cec": {
        "entropy_number_of_messages": 0.7967105453264682,
        "entropy_number_of_words": 0.922820067094216
    },
    "3b13bb6b-933c-4fac-a920-5d63c2537cfa": {
        "entropy_number_of_messages": 0.7823989074203012,
        "entropy_number_of_words": 0.8000133078820908
    },
    "3bd075d6-b91b-4f60-9138-c33feff56d2c": {
        "entropy_number_of_messages": 0.7880336774855088,
        "entropy_number_of_words": 0.9316759161359718
    },
    "3c54ff28-8df5-46af-9a92-f6485d99aab6": {
        "entropy_number_of_messages": 0.7917511047888155,
        "entropy_number_of_words": 0.8821460067470734
    },
    "3c7a897a-7c1d-4208-868c-a5e3b1382245": {
        "entropy_number_of_messages": 0.7967105453264682,
        "entropy_number_of_words": 0.7858495198897942
    },
    "3d355114-3f2e-4ff0-8bca-f3ca8b2f7464": {
        "entropy_number_of_messages": 0.8115223291217244,
        "entropy_number_of_words": 0.9350705502343438
    },
    "3f01371c-5cc3-4b78-a05b-2211637ac21c": {
        "entropy_number_of_messages": 0.7962286042773314,
        "entropy_number_of_words": 0.919804320987213
    },
    "3f2b7591-7433-4138-b716-e30c1c96fcd7": {
        "entropy_number_of_messages": 0.8363914457984363,
        "entropy_number_of_words": 0.9562647371001851
    },
    "3f5bfecb-272d-4535-a0f3-e2d083b80a5b": {
        "entropy_number_of_messages": 0.8283672844848071,
        "entropy_number_of_words": 0.8724267826394776
    },
    "3f96869b-6cc1-448e-ad1d-07d74985ffeb": {
        "entropy_number_of_messages": 0.8115223291217244,
        "entropy_number_of_words": 0.947510731386516
    },
    "416cc7ff-3394-44af-b09c-4af4b3dc0f30": {
        "entropy_number_of_messages": 0.8094764474964824,
        "entropy_number_of_words": 0.7935284024815858
    },
    "464105a7-8c06-4b22-9f4d-0996f51baa47": {
        "entropy_number_of_messages": 0.7680872695141342,
        "entropy_number_of_words": 0.7297321054008516
    },
    "49d3315e-05e3-47a3-981a-12e39c75d4e2": {
        "entropy_number_of_messages": 0.8207946171813331,
        "entropy_number_of_words": 0.974865889219155
    },
    "4b0f71c3-126f-41a3-a304-0c587a6de2a4": {
        "entropy_number_of_messages": 0.8213148390172832,
        "entropy_number_of_words": 0.9071243925563922
    },
    "4d5061ed-8982-49b1-b4c1-5bb78977e931": {
        "entropy_number_of_messages": 0.8053874131674276,
        "entropy_number_of_words": 0.8240132305851353
    },
    "53160b89-5ba2-4239-a4ff-f9911466166f": {
        "entropy_number_of_messages": 0.7910757752612606,
        "entropy_number_of_words": 0.8630140569533221
    },
    "572252a2-ab55-4029-a99a-7fd786fd963f": {
        "entropy_number_of_messages": 0.8123280830391466,
        "entropy_number_of_words": 0.923029271306538
    },
    "577de68d-dc5d-4c5c-a7ae-948a6645fb1e": {
        "entropy_number_of_messages": 0.8115223291217244,
        "entropy_number_of_words": 0.817442789817329
    },
    "5904e50b-711c-4683-882d-afdbe40125ad": {
        "entropy_number_of_messages": 0.8445906211970907,
        "entropy_number_of_words": 0.9364840024024389
    },
    "5b5158f4-bc3d-4c99-84fe-c8c99a840fac": {
        "entropy_number_of_messages": 0.8115223291217244,
        "entropy_number_of_words": 0.9245271900100188
    },
    "63277108-b3f6-439e-a6e2-09515f909318": {
        "entropy_number_of_messages": 0.7967105453264682,
        "entropy_number_of_words": 0.9152353195756592
    },
    "653caf7c-6c7f-4e07-92d1-07d7a7df4a70": {
        "entropy_number_of_messages": 0.7680872695141342,
        "entropy_number_of_words": 0.891326855376674
    },
    "66a3c1da-ac08-4ae0-8288-6aa3df78f5ae": {
        "entropy_number_of_messages": 0.8511301010506309,
        "entropy_number_of_words": 0.9867838830905106
    },
    "6771157a-1f77-4752-96d1-91215c77efb5": {
        "entropy_number_of_messages": 0.7823989074203012,
        "entropy_number_of_words": 0.7875865744206343
    },
    "6b41030e-adfb-48ba-964d-63f3fb655c20": {
        "entropy_number_of_messages": 0.8053874131674276,
        "entropy_number_of_words": 0.8394687212588198
    },
    "6c74f8b6-b9f4-44b6-83fd-2db50c0a1d7f": {
        "entropy_number_of_messages": 0.849022936214872,
        "entropy_number_of_words": 0.8273783965191905
    },