{
    "2adbde81-135e-4b18-9049-05237ffcb70f": {
        "conv_2adbde81-135e-4b18-9049-05237ffcb70f_utt_0": 0.06280253771132559,
        "conv_2adbde81-135e-4b18-9049-05237ffcb70f_utt_1": 0.06206507400711337,
        "conv_2adbde81-135e-4b18-9049-05237ffcb70f_utt_2": 0.07179810043772175,
        "conv_2adbde81-135e-4b18-9049-05237ffcb70f_utt_3": 0.0811885728117226,
        "conv_2adbde81-135e-4b18-9049-05237ffcb70f_utt_4": 0.10933574930135585,
        "conv_2adbde81-135e-4b18-9049-05237ffcb70f_utt_5": 0.057072079030041564,
        "conv_2adbde81-135e-4b18-9049-05237ffcb70f_utt_6": 0.09469832525229205,
        "conv_2adbde81-135e-4b18-9049-05237ffcb70f_utt_7": 0.07516603779861718,
        "conv_2adbde81-135e-4b18-9049-05237ffcb70f_utt_8": 0.06742247894550452,
        "conv_2adbde81-135e-4b18-9049-05237ffcb70f_utt_9": 0.06579296231849496,
        "conv_2adbde81-135e-4b18-9049-05237ffcb70f_utt_10": 0.054482678306836764,
        "conv_2adbde81-135e-4b18-9049-05237ffcb70f_utt_11": 0.08058416284653494,
        "conv_2adbde81-135e-4b18-9049-05237ffcb70f_utt_12": 0.06268308723330714,
        "conv_2adbde81-135e-4b18-9049-05237ffcb70f_utt_13": 0.05490815399913173
    },
    "3c4596ce-ffc2-4485-8abc-2bee9f5a670b": {
        "conv_3c4596ce-ffc2-4485-8abc-2bee9f5a670b_utt_0": 0.0670090676151668,
        "conv_3c4596ce-ffc2-4485-8abc-2bee9f5a670b_utt_1": 0.08391441065226297,
        "conv_3c4596ce-ffc2-4485-8abc-2bee9f5a670b_utt_2": 0.1618560510819587,
        "conv_3c4596ce-ffc2-4485-8abc-2bee9f5a670b_utt_3": 0.1257545594358526,
        "conv_3c4596ce-ffc2-4485-8abc-2bee9f5a670b_utt_4": 0.16347681638892164,
        "conv_3c4596ce-ffc2-4485-8abc-2bee9f5a670b_utt_5": 0.0801609048374473,
        "conv_3c4596ce-ffc2-4485-8abc-2bee9f5a670b_utt_6": 0.1146567196261531,
        "conv_3c4596ce-ffc2-4485-8abc-2bee9f5a670b_utt_7": 0.11512477238166392,
        "conv_3c4596ce-ffc2-4485-8abc-2bee9f5a670b_utt_8": 0.08804669798057296
    },
    "44e70823-4c8e-401e-99f5-b15af8a86784": {
        "conv_44e70823-4c8e-401e-99f5-b15af8a86784_utt_0": 0.06382795305652103,
        "conv_44e70823-4c8e-401e-99f5-b15af8a86784_utt_1": 0.1134379403957742,
        "conv_44e70823-4c8e-401e-99f5-b15af8a86784_utt_2": 0.08970921523723001,
        "conv_44e70823-4c8e-401e-99f5-b15af8a86784_utt_3": 0.07908636518412379,
        "conv_44e70823-4c8e-401e-99f5-b15af8a86784_utt_4": 0.08140882342927878,
        "conv_44e70823-4c8e-401e-99f5-b15af8a86784_utt_5": 0.16006223849454942,
        "conv_44e70823-4c8e-401e-99f5-b15af8a86784_utt_6": 0.13926492717615926,
        "conv_44e70823-4c8e-401e-99f5-b15af8a86784_utt_7": 0.13278055095867133,
        "conv_44e70823-4c8e-401e-99f5-b15af8a86784_utt_8": 0.14042198606769216
    },
    "36ce99e3-cdef-4e45-8d51-0ee49a1f428a": {
        "conv_36ce99e3-cdef-4e45-8d51-0ee49a1f428a_utt_0": 0.08730255695824064,
        "conv_36ce99e3-cdef-4e45-8d51-0ee49a1f428a_utt_1": 0.07051057206341366,
        "conv_36ce99e3-cdef-4e45-8d51-0ee49a1f428a_utt_2": 0.07099756069128729,
        "conv_36ce99e3-cdef-4e45-8d51-0ee49a1f428a_utt_3": 0.14802751740038894,
        "conv_36ce99e3-cdef-4e45-8d51-0ee49a1f428a_utt_4": 0.14618818338509454,
        "conv_36ce99e3-cdef-4e45-8d51-0ee49a1f428a_utt_5": 0.13486022927680041,
        "conv_36ce99e3-cdef-4e45-8d51-0ee49a1f428a_utt_6": 0.13486022927680041,
        "conv_36ce99e3-cdef-4e45-8d51-0ee49a1f428a_utt_7": 0.08746052879693735,
        "conv_36ce99e3-cdef-4e45-8d51-0ee49a1f428a_utt_8": 0.11979262215103674
    }
}