{
    "2adbde81-135e-4b18-9049-05237ffcb70f": {
        "conv_2adbde81-135e-4b18-9049-05237ffcb70f_utt_0": 1.7932427302002907,
        "conv_2adbde81-135e-4b18-9049-05237ffcb70f_utt_1": 1.7721854373812675,
        "conv_2adbde81-135e-4b18-9049-05237ffcb70f_utt_2": 2.050099030137062,
        "conv_2adbde81-135e-4b18-9049-05237ffcb70f_utt_3": 2.318231448531151,
        "conv_2adbde81-135e-4b18-9049-05237ffcb70f_utt_4": 3.121936544775963,
        "conv_2adbde81-135e-4b18-9049-05237ffcb70f_utt_5": 1.6296171229332685,
        "conv_2adbde81-135e-4b18-9049-05237ffcb70f_utt_6": 2.7039844170212746,
        "conv_2adbde81-135e-4b18-9049-05237ffcb70f_utt_7": 2.1462659910321236,
        "conv_2adbde81-135e-4b18-9049-05237ffcb70f_utt_8": 1.9251589924097061,
        "conv_2adbde81-135e-4b18-9049-05237ffcb70f_utt_9": 1.878630317747593,
        "conv_2adbde81-135e-4b18-9049-05237ffcb70f_utt_10": 1.555680237710476,
        "conv_2adbde81-135e-4b18-9049-05237ffcb70f_utt_11": 2.300973327830434,
        "conv_2adbde81-135e-4b18-9049-05237ffcb70f_utt_12": 1.789831981062889,
        "conv_2adbde81-135e-4b18-9049-05237ffcb70f_utt_13": 1.5678291288204491
    },
    "3c4596ce-ffc2-4485-8abc-2bee9f5a670b": {
        "conv_3c4596ce-ffc2-4485-8abc-2bee9f5a670b_utt_0": 1.589194193482399,
        "conv_3c4596ce-ffc2-4485-8abc-2bee9f5a670b_utt_1": 1.9901231117546558,
        "conv_3c4596ce-ffc2-4485-8abc-2bee9f5a670b_utt_2": 3.8385953679680824,
        "conv_3c4596ce-ffc2-4485-8abc-2bee9f5a670b_utt_3": 2.982408542186022,
        "conv_3c4596ce-ffc2-4485-8abc-2bee9f5a670b_utt_4": 3.877033610828221,
        "conv_3c4596ce-ffc2-4485-8abc-2bee9f5a670b_utt_5": 1.9011045675724745,
        "conv_3c4596ce-ffc2-4485-8abc-2bee9f5a670b_utt_6": 2.7192109897732735,
        "conv_3c4596ce-ffc2-4485-8abc-2bee9f5a670b_utt_7": 2.7303113788366318,
        "conv_3c4596ce-ffc2-4485-8abc-2bee9f5a670b_utt_8": 2.088124878704548
    },
    "44e70823-4c8e-401e-99f5-b15af8a86784": {
        "conv_44e70823-4c8e-401e-99f5-b15af8a86784_utt_0": 1.1198806818574667,
        "conv_44e70823-4c8e-401e-99f5-b15af8a86784_utt_1": 1.9903028681874275,
        "conv_44e70823-4c8e-401e-99f5-b15af8a86784_utt_2": 1.5739752305671573,
        "conv_44e70823-4c8e-401e-99f5-b15af8a86784_utt_3": 1.3875941233709455,
        "conv_44e70823-4c8e-401e-99f5-b15af8a86784_utt_4": 1.4283423535525799,
        "conv_44e70823-4c8e-401e-99f5-b15af8a86784_utt_5": 2.808340236544609,
        "conv_44e70823-4c8e-401e-99f5-b15af8a86784_utt_6": 2.443445138633251,
        "conv_44e70823-4c8e-401e-99f5-b15af8a86784_utt_7": 2.3296748027205467,
        "conv_44e70823-4c8e-401e-99f5-b15af8a86784_utt_8": 2.4637460857629776
    },
    "36ce99e3-cdef-4e45-8d51-0ee49a1f428a": {
        "conv_36ce99e3-cdef-4e45-8d51-0ee49a1f428a_utt_0": 1.7943264674395323,
        "conv_36ce99e3-cdef-4e45-8d51-0ee49a1f428a_utt_1": 1.4492013761773705,
        "conv_36ce99e3-cdef-4e45-8d51-0ee49a1f428a_utt_2": 1.4592104367911816,
        "conv_36ce99e3-cdef-4e45-8d51-0ee49a1f428a_utt_3": 3.0424045026302338,
        "conv_36ce99e3-cdef-4e45-8d51-0ee49a1f428a_utt_4": 3.0046007335186005,
        "conv_36ce99e3-cdef-4e45-8d51-0ee49a1f428a_utt_5": 2.771777680143714,
        "conv_36ce99e3-cdef-4e45-8d51-0ee49a1f428a_utt_6": 2.771777680143714,
        "conv_36ce99e3-cdef-4e45-8d51-0ee49a1f428a_utt_7": 1.7975732572376728,
        "conv_36ce99e3-cdef-4e45-8d51-0ee49a1f428a_utt_8": 2.4620936661958694
    }
}