{
    "2adbde81-135e-4b18-9049-05237ffcb70f": 0.44967722823618095,
    "3c4596ce-ffc2-4485-8abc-2bee9f5a670b": 0.8273004668072134,
    "44e70823-4c8e-401e-99f5-b15af8a86784": 0.5925438497531799,
    "36ce99e3-cdef-4e45-8d51-0ee49a1f428a": 0.6572262717986098,
    "aggregate_mean": "0.631686954148796"
}