{
    "2adbde81-135e-4b18-9049-05237ffcb70f": 0.015748493279029125,
    "3c4596ce-ffc2-4485-8abc-2bee9f5a670b": 0.034883485697154104,
    "44e70823-4c8e-401e-99f5-b15af8a86784": 0.033772223808026976,
    "36ce99e3-cdef-4e45-8d51-0ee49a1f428a": 0.031977198725729586,
    "aggregate_mean": "0.02909535037748495"
}